id,prix-moyen-basse-saison,prix-moyen-haute-saison,date-basse-saison,date-haute-saison,nombre-hotels-echantillon
b5c30c5f-7fb4-4604-9a99-400be0c251d8,170.0,250.0,2026-06-15,2026-12-20,5.0
09323a57-0f0c-4190-9ce5-e689efe6137d,76.5,112.5,2026-02-15,2026-07-15,10.0
aa77dd0f-f294-4af2-9499-547652ef8472,76.5,112.5,2026-02-15,2026-07-15,10.0
459b1d00-2b6e-4158-afe5-e091350990fe,76.5,112.5,2026-02-15,2026-07-15,10.0
cdc43353-203d-43ea-91ec-ccdff3e15160,102.0,505.5,2026-09-15,2026-02-15,10.0
b4770bbe-7d7e-400d-9e43-c208fad6fdee,76.5,112.5,2026-02-15,2026-07-15,10.0
443799ea-fcbb-4e6d-93f4-a93b566fabeb,56.92,56.92,2026-02-15,2026-07-15,10.0
8ffa36b1-c3eb-4d2d-bc8b-8768f6ecfff1,76.5,112.5,2026-02-15,2026-07-15,10.0
e8ad2770-6863-4e5c-a993-04884328802e,76.5,112.5,2026-02-15,2026-07-15,6.0
0a7d0b01-4cdf-4968-81ea-ac4e5d5d2fa1,188.36,275.0,2026-02-15,2026-07-15,10.0
3c17a4a0-29e4-4aba-aaba-8f6e831349f1,76.5,112.5,2026-02-15,2026-07-15,10.0
9e075378-f479-48c4-ac0c-43a44f822866,76.5,112.5,2026-02-15,2026-07-15,2.0
749963fe-2962-4ffe-b78a-391afdd6a7bf,157.38,207.95,2026-02-15,2026-07-15,10.0
577b9315-b7a1-489f-9f37-c705858b1162,187.0,275.0,2026-02-15,2026-07-15,10.0
4bea1fd4-279e-4e2b-a602-f408dbce9017,110.5,162.5,2026-02-15,2026-07-15,10.0
d76e7f44-80ab-4a92-918c-80c918d1ae88,59.5,87.5,2026-02-15,2026-07-15,1.0
316ef402-4768-456e-98b3-87fad9b0a5c1,76.5,112.5,2026-02-15,2026-07-15,6.0
9e8b73c7-88c3-44f5-ba9c-9f38389e0a27,59.5,87.5,2026-02-15,2026-07-15,10.0
15583c28-1e8a-46d5-b4c2-342b99cdb091,234.36,150.0,2026-06-15,2026-12-20,10.0
c54acf38-3029-496b-8c7a-8343ad82785c,59.5,87.5,2026-02-15,2026-07-15,10.0
2f634211-0161-41dc-b871-3d405b1b3975,102.0,150.0,2026-02-15,2026-07-15,10.0
8ec82bed-8ce6-43b4-8318-4df1c2b36399,76.5,112.5,2026-02-15,2026-07-15,10.0
5d00db66-5d2c-450b-be1d-9c9bde506ac0,59.5,87.5,2026-02-15,2026-07-15,10.0
88f49e69-1210-4b97-be1e-b906ca0ebcec,76.5,112.5,2026-06-15,2026-12-20,9.0
7a01b324-f2b0-4249-a575-16a5eaa65a33,110.5,162.5,2026-09-15,2026-02-15,7.0
90ca1550-325d-4036-ae5a-5a2d7518d12a,76.5,112.5,2026-06-15,2026-12-20,10.0
7f89f78c-acd0-4474-ba0b-f5a3480265f7,76.5,112.5,2026-02-15,2026-07-15,10.0
7e080529-0ecf-4c7a-b6dd-c316c5cfdab7,76.5,112.5,2026-06-15,2026-12-20,10.0
dd54b0e6-43e7-4be6-9eb4-5e4863f25f52,76.5,112.5,2026-06-15,2026-12-20,10.0
b53ea9ad-2c8b-4467-9764-1edb3b922ea4,59.5,87.5,2026-02-15,2026-07-15,10.0
e79d9e7b-6fc0-43de-a4fd-df7874e6f754,59.5,87.5,2026-02-15,2026-07-15,10.0
44270077-ff2f-4123-96b9-7158aaff58a9,59.5,87.5,2026-02-15,2026-07-15,8.0
c4dbcb6c-a538-4ea4-8949-15abc60cfb20,59.5,87.5,2026-02-15,2026-07-15,2.0
f7c802c7-e3cb-4922-ae40-a14f5ea56907,187.0,275.0,2026-02-15,2026-07-15,10.0
7b317d9c-9f46-43cc-a3db-5a5072021732,76.5,112.5,2026-02-15,2026-07-15,10.0
8c8c7203-2a45-44ba-9fb2-b5158104375e,76.5,112.5,2026-02-15,2026-07-15,10.0
7501d127-18a5-4b9a-8b57-c171d707d2d8,76.5,112.5,2026-06-15,2026-12-20,10.0
eb5b5644-d743-4bae-861a-99b1f631f095,76.5,112.5,2026-09-15,2026-02-15,10.0
a9269258-bf5e-4a33-9c09-808b6c94e613,170.0,250.0,2026-09-15,2026-02-15,10.0
aeb41503-ee2c-4678-aa67-33b816e31f68,76.5,112.5,2026-02-15,2026-07-15,10.0
1ca8e2d5-d8af-4855-a61c-93d3f4557f10,76.5,112.5,2026-06-15,2026-12-20,10.0
06251f82-31e2-46f5-ab7d-63a93b3830eb,76.5,112.5,2026-02-15,2026-07-15,3.0
d521e276-3af5-4538-b17b-a1c8836d15b7,76.5,112.5,2026-02-15,2026-07-15,10.0
59358844-732e-44cc-8fc8-fd7266474a8f,187.0,275.0,2026-02-15,2026-07-15,10.0
fe273668-236b-47ac-a87d-f02f36cd6181,187.0,275.0,2026-02-15,2026-07-15,10.0
769e57b7-a2fe-4eb9-8d39-4c7a0b940c02,170.0,250.0,2026-09-15,2026-02-15,10.0
46cdc57e-d4d6-49a4-819a-5b8161bbdb3e,59.5,87.5,2026-02-15,2026-07-15,10.0
d908e2d3-b5f2-47d7-9cfc-836e69d13fcb,76.5,112.5,2026-02-15,2026-07-15,4.0
43fc0ee7-5983-4c3c-af37-93f16a8561e1,102.0,150.0,2026-09-15,2026-02-15,10.0
6eadd02d-f32c-417c-bb80-d060574854dc,170.0,250.0,2026-06-15,2026-12-20,3.0
a4f86f85-430e-400a-bda5-315c7bdefd57,76.5,112.5,2026-06-15,2026-12-20,9.0
caf79b01-70b6-450b-9601-66fdadb8df39,76.5,112.5,2026-02-15,2026-07-15,10.0
96591192-71e5-48cd-bc25-dfc40ad0a497,76.5,112.5,2026-02-15,2026-07-15,10.0
74275da0-d33c-4624-b50f-f3d254eaf9a8,76.5,112.5,2026-02-15,2026-07-15,1.0
ae842628-e555-44fe-881f-93ac5378c589,110.5,162.5,2026-02-15,2026-07-15,10.0
cc659b5c-096d-4c4e-be39-a30676e948d9,76.5,112.5,2026-02-15,2026-07-15,10.0
778d28df-a4fa-4328-896e-4a9f80216fda,59.5,87.5,2026-06-15,2026-12-20,5.0
d7e45496-f17a-4187-a9a5-ce30958370bf,76.5,112.5,2026-02-15,2026-07-15,10.0
edb9bd75-975a-438a-8d19-7b506bae3003,76.5,112.5,2026-06-15,2026-12-20,10.0
62d37ff4-2fe7-478b-80f1-e3295093b971,59.5,87.5,2026-06-15,2026-12-20,10.0
98fa6e27-430b-4d3b-b347-02e8c53c7cf7,76.5,112.5,2026-02-15,2026-07-15,10.0
4a16fb5b-86c8-483f-a0a2-d4b5619efd0e,102.0,150.0,2026-09-15,2026-02-15,10.0
3a70dff6-b805-4e41-accf-480d43ed6ba7,76.5,112.5,2026-02-15,2026-07-15,10.0
900f7bad-dc7e-4017-a6a9-16e3211d110b,76.5,112.5,2026-02-15,2026-07-15,10.0
6234202f-ff97-4d9b-955f-92bccb61c317,76.5,112.5,2026-02-15,2026-07-15,10.0
c3963b0a-b8da-4320-aa9d-bead15d4b37a,76.5,112.5,2026-02-15,2026-07-15,10.0
f38b9348-e581-4de5-bafa-1efb5c28e458,76.5,112.5,2026-06-15,2026-12-20,10.0
ddea7cd4-1b80-46f6-a51d-2649a27cba85,76.5,112.5,2026-02-15,2026-07-15,10.0
7a9eddac-e034-48ef-9bfd-6c22872b0b9f,110.5,162.5,2026-09-15,2026-02-15,1.0
b896db96-451a-4b69-aa09-60c677573869,76.5,112.5,2026-02-15,2026-07-15,10.0
bf26a0cb-e3b3-4849-89a3-619fff9c5cec,59.5,87.5,2026-06-15,2026-12-20,1.0
031fc396-76f4-4789-ad26-26a0ca29b267,110.5,162.5,2026-02-15,2026-07-15,4.0
d9f5aa87-6ce6-4675-b55c-e64635035d90,76.5,112.5,2026-02-15,2026-07-15,10.0
b5a1cb1c-42d2-4235-a907-6791f1177f34,59.5,87.5,2026-02-15,2026-07-15,10.0
3dcec783-933e-4928-b50a-65b7050f50ff,76.5,112.5,2026-02-15,2026-07-15,7.0
8ef45676-53bf-4907-8ea1-b70c49ee8898,170.0,250.0,2026-06-15,2026-12-20,10.0
43b173aa-a4f5-4676-9434-bacadf6d49ff,59.5,87.5,2026-02-15,2026-07-15,10.0
6ce8aa84-b119-4e84-aaec-fc4a2471cc9e,59.5,87.5,2026-02-15,2026-07-15,10.0
2ea04a64-c0d2-4cad-8923-b83c11109f4b,102.0,150.0,2026-02-15,2026-07-15,10.0
495888ba-fda1-4ae8-9643-bf29a4d35783,170.0,250.0,2026-02-15,2026-07-15,10.0
fae2433c-c914-436c-9b12-c733c2974ac8,170.0,250.0,2026-06-15,2026-12-20,10.0
2112510a-fb29-4ca0-82e1-682dc6073880,76.5,112.5,2026-02-15,2026-07-15,10.0
3945728c-0c92-4d4f-aef2-000b2e1a657f,76.5,112.5,2026-02-15,2026-07-15,10.0
12ffe1e2-6387-46d6-8bbb-267855faf5f8,110.5,162.5,2026-09-15,2026-02-15,10.0
16232df9-2dcc-4a1a-a3a5-9aab5bf5dba5,110.5,162.5,2026-02-15,2026-07-15,5.0
184fc244-2725-4a56-894d-bbb80ef207e7,110.5,162.5,2026-02-15,2026-07-15,10.0
e3597f71-7e84-47f9-b3f2-567398c8fcdd,110.5,162.5,2026-02-15,2026-07-15,2.0
7b87f72d-9e50-4e58-9053-cc2e71ff6511,76.5,112.5,2026-06-15,2026-12-20,4.0
acd5d99c-5303-4f22-b176-f67a87c7e59c,102.0,150.0,2026-02-15,2026-07-15,10.0
4f691336-e290-4fb8-8f6f-041744450398,76.5,112.5,2026-02-15,2026-07-15,10.0
5af283b6-2a6b-4fb1-893d-953529dbad3b,76.5,112.5,2026-06-15,2026-12-20,10.0
b4e07312-dd97-45dd-9ed0-53654f6e5056,59.5,87.5,2026-02-15,2026-07-15,10.0
b5c78cdb-4482-4686-9aa8-10d848aaf90d,59.5,87.5,2026-02-15,2026-07-15,5.0
80ed0bdd-62c4-4068-88c6-3eba6e3c4e46,110.5,162.5,2026-02-15,2026-07-15,10.0
6018cfaa-2009-46c1-9b4e-abc97eecad6b,76.5,112.5,2026-02-15,2026-07-15,10.0
db0dcdf1-2bea-470f-935f-2c98bd125592,76.5,112.5,2026-02-15,2026-07-15,3.0
007e1c9a-9bbf-4560-a8d5-4fb17176b300,59.5,87.5,2026-02-15,2026-07-15,8.0
a658f5c4-f1b4-4592-9bcd-823956973b8d,76.5,112.5,2026-02-15,2026-07-15,1.0
57239ab4-5376-4b81-a35e-fc8a27fb5812,76.5,112.5,2026-02-15,2026-07-15,10.0
38fa5147-236e-4462-b3b1-97b35caaf154,76.5,112.5,2026-02-15,2026-07-15,10.0
e0fba8c3-0e00-421a-8a31-c5001184dc97,110.5,162.5,2026-09-15,2026-02-15,10.0
cc8ddc39-c410-4a92-aefc-09cfee5dbc79,76.5,112.5,2026-02-15,2026-07-15,6.0
1a3cc3d3-d65f-481f-acc0-424bd9c3210e,76.5,112.5,2026-02-15,2026-07-15,10.0
b7506ee6-e9ca-41fe-b282-ebf79c9782bf,59.5,87.5,2026-02-15,2026-07-15,10.0
a3838612-edde-4229-91ba-f6483f24e7c5,76.5,112.5,2026-02-15,2026-07-15,10.0
a87511bd-77f4-4afc-977e-730d34c1c7bd,76.5,112.5,2026-02-15,2026-07-15,10.0
4311c598-a756-4776-ab4a-aab47d5252b7,76.5,112.5,2026-02-15,2026-07-15,10.0
b899c1cb-9a0f-4ee5-bf79-dcb5eef9f5ef,76.5,112.5,2026-06-15,2026-12-20,10.0
3b9ab1a4-a090-45f5-b101-a73f33a67a6c,76.5,112.5,2026-06-15,2026-12-20,10.0
69490fbc-853e-444e-87e4-b746d4798476,76.5,112.5,2026-02-15,2026-07-15,7.0
4ed326e5-e344-48c0-a1ff-b69d6fdb9b7f,76.5,112.5,2026-02-15,2026-07-15,10.0
7071cc05-1440-4931-88dc-3fa5a4cc15d2,59.5,87.5,2026-02-15,2026-07-15,10.0
00d7a74c-188a-4cea-aa66-f69397766a1e,59.5,87.5,2026-02-15,2026-07-15,10.0
7c623237-bc71-4ba0-ae74-a64b0201eeba,110.5,162.5,2026-09-15,2026-02-15,10.0
2216dc6e-cb6a-4107-b6ea-dceebd9a53eb,76.5,112.5,2026-02-15,2026-07-15,10.0
9bb1538a-f6b4-450f-812f-20d1ebc2c6eb,187.0,275.0,2026-02-15,2026-07-15,10.0
b3d93e9e-ad99-4429-b281-c0750bf6e2c8,110.5,162.5,2026-09-15,2026-02-15,10.0
9ea78120-75de-4bce-b095-fb0811a3294f,76.5,112.5,2026-02-15,2026-07-15,10.0
33713397-dcba-460c-bca2-651bdd80fe0f,110.5,162.5,2026-09-15,2026-02-15,10.0
2af06632-f7aa-4f48-88ff-a7f90e8da41e,110.5,162.5,2026-09-15,2026-02-15,10.0
12720905-6c3e-4a3f-a805-6b30460843b6,76.5,112.5,2026-02-15,2026-07-15,10.0
794e7d71-b99b-415f-8b9c-790ec7773bd1,110.5,162.5,2026-02-15,2026-07-15,6.0
ba4d54dd-0e8d-4039-aad9-1f246fdacadb,76.5,112.5,2026-02-15,2026-07-15,10.0
3f3f5613-56d6-464b-a1de-437c2246292b,59.5,87.5,2026-06-15,2026-12-20,10.0
c6df2a0a-5804-4782-980c-b785baff6338,110.5,162.5,2026-02-15,2026-07-15,10.0
3ecbe7bd-d9a0-4690-9ab2-5e143f92fe64,76.5,112.5,2026-02-15,2026-07-15,5.0
1c1ede32-515d-4a46-8019-15e3196afd18,76.5,112.5,2026-02-15,2026-07-15,10.0
ad6338c1-1ad3-4f1c-8c78-26d7c86078fd,59.5,87.5,2026-02-15,2026-07-15,10.0
4c88db7e-4c60-4395-9464-91ea959e2d13,110.5,162.5,2026-02-15,2026-07-15,6.0
92098031-bc52-4fac-b1df-2dfe76a8de6c,59.5,87.5,2026-02-15,2026-07-15,10.0
62caf451-c399-4d64-a770-1efd93a603ef,59.5,87.5,2026-06-15,2026-12-20,1.0
7b55c1af-cb3c-4d98-a0f4-1d25b46169f0,110.5,162.5,2026-06-15,2026-12-20,5.0
a93b9a93-c474-483c-9d27-8bb1f8b0090c,76.5,112.5,2026-02-15,2026-07-15,1.0
f71ebf76-ea24-4dab-b1c6-6cc7db2b1483,110.5,162.5,2026-02-15,2026-07-15,10.0
a3c96500-b77a-4133-bc7d-cca24a7e5ae6,110.5,162.5,2026-02-15,2026-07-15,10.0
e1ebc1b6-8798-422d-847a-22016faff3fd,76.5,112.5,2026-09-15,2026-02-15,10.0
9cca8483-23d3-4725-b369-ba831d2c16b3,59.5,87.5,2026-06-15,2026-12-20,5.0
72a44cc1-8aff-4424-95a0-81afd9aa6db1,76.5,112.5,2026-02-15,2026-07-15,10.0
4b7bab82-52b8-4827-a591-750c48a47f39,76.5,112.5,2026-02-15,2026-07-15,10.0
79ef5aa6-228e-4206-b00a-c78d150de33f,76.5,112.5,2026-02-15,2026-07-15,10.0
232e9cad-e761-42b2-ad5d-eac5c63500ff,76.5,112.5,2026-02-15,2026-07-15,9.0
a72016d1-6e5a-45e9-9d47-b0d1dcff8e69,59.5,87.5,2026-02-15,2026-07-15,10.0
16539924-85a8-441a-8ebd-9c56d6720a35,76.5,112.5,2026-06-15,2026-12-20,2.0
f33d7ecf-5952-4341-80cd-37c6d1b9b092,76.5,112.5,2026-02-15,2026-07-15,10.0
dfed6949-406d-4064-8c2e-5c794ded2e27,76.5,112.5,2026-02-15,2026-07-15,10.0
5f55fdd8-3af4-485a-8a31-5974963a257f,76.5,112.5,2026-02-15,2026-07-15,10.0
0eeb9c0f-6cae-4e46-ba5a-dba09017c4ec,76.5,112.5,2026-02-15,2026-07-15,10.0
ef66a584-fc99-4c05-af1a-263a6f5cbacf,110.5,162.5,2026-02-15,2026-07-15,2.0
f03bee1f-4a0c-48b7-9552-b0520359357d,76.5,112.5,2026-09-15,2026-02-15,2.0
3b81e08f-9410-4898-9781-432030bad762,76.5,112.5,2026-06-15,2026-12-20,6.0
248ce3f4-3c86-4ea3-91f2-0d69f703e1e4,76.5,112.5,2026-02-15,2026-07-15,10.0
0d1ac2c5-e3d5-40b5-ad56-01f3d67710ab,76.5,112.5,2026-02-15,2026-07-15,10.0
c0890bb0-1dc1-44ea-aaae-323f7eae6891,59.5,87.5,2026-02-15,2026-07-15,10.0
9226f6e6-02df-48b5-be28-c7d65ae84d5e,76.5,112.5,2026-02-15,2026-07-15,10.0
4959b5b0-bc55-450f-a2c5-9076efac17a7,59.5,87.5,2026-02-15,2026-07-15,10.0
be2239a3-3b9f-4d90-bc3a-895bb5bb716c,59.5,87.5,2026-06-15,2026-12-20,10.0
f206b4f0-81db-4098-8142-a69892f9f14b,59.5,87.5,2026-09-15,2026-02-15,10.0
2ee4ab0c-44a7-45bd-8463-0b4813e62c3a,76.5,112.5,2026-02-15,2026-07-15,8.0
5cccd9f1-46c1-461c-928b-207a70521e74,76.5,112.5,2026-06-15,2026-12-20,10.0
4dd122b5-7ab0-48b0-999b-dd08231fd517,76.5,112.5,2026-02-15,2026-07-15,10.0
7c9a3427-bce5-49c4-ace2-b19967022373,76.5,112.5,2026-06-15,2026-12-20,10.0
1f31c352-d854-47e4-a556-f0458c248320,76.5,112.5,2026-02-15,2026-07-15,10.0
784d64bc-ad12-4648-8094-07151548001d,102.0,150.0,2026-02-15,2026-07-15,10.0
df9d25a4-a439-4fe3-9b2a-1f1caba531b9,76.5,112.5,2026-02-15,2026-07-15,10.0
19e2eecc-8394-482b-8469-d4ca8869797d,110.5,162.5,2026-06-15,2026-12-20,10.0
8487babf-ddba-48fa-aaa9-d8bbf60b7d73,76.5,112.5,2026-02-15,2026-07-15,10.0
279f4b89-4f47-45b5-bd14-a791517bdf37,76.5,112.5,2026-09-15,2026-02-15,6.0
be181851-282e-409b-9626-1da82ed060f5,76.5,112.5,2026-02-15,2026-07-15,10.0
0f7e00d1-189f-4504-a23d-71dc70d98ae4,76.5,112.5,2026-09-15,2026-02-15,3.0
d0a7fef1-2591-401c-adb2-50b1a432982f,76.5,112.5,2026-02-15,2026-07-15,10.0
8cc00822-8c1e-4446-ba89-0a35128ad69a,76.5,112.5,2026-02-15,2026-07-15,10.0
a33298f1-58d1-403d-984e-f7744a8e1746,76.5,112.5,2026-06-15,2026-12-20,10.0
75c6f7c9-5c87-464a-9c28-c91ecd55da98,59.5,87.5,2026-02-15,2026-07-15,10.0
ab8dc374-5acd-430f-b940-7885899ef8c5,76.5,112.5,2026-02-15,2026-07-15,10.0
c2ee230d-f1b2-4831-bf1a-36469bc6eb98,76.5,112.5,2026-02-15,2026-07-15,10.0
5c5a1424-5c18-4a8a-b4ec-b8084bfc1003,76.5,112.5,2026-02-15,2026-07-15,10.0
77b02e0f-770c-4fa7-b0a5-7cde588b203d,110.5,162.5,2026-02-15,2026-07-15,10.0
b27904ec-af5d-44aa-aa43-0b1a133d65af,110.5,162.5,2026-02-15,2026-07-15,10.0
73036cda-9134-46fc-a2c6-807782d59dfb,76.5,112.5,2026-02-15,2026-07-15,10.0
d1fdface-d3c3-45fe-b7ec-ecf1aebec736,76.5,112.5,2026-02-15,2026-07-15,10.0
9f779614-05dd-41e8-833b-8fa44cee9475,76.5,112.5,2026-02-15,2026-07-15,10.0
066b90ea-034a-48e3-9011-d2095c02efaa,76.5,112.5,2026-06-15,2026-12-20,2.0
89e1f300-6ffd-4c18-a700-c9815dcdad84,76.5,112.5,2026-09-15,2026-02-15,10.0
5f4cc5c5-4804-4a2c-8ddc-c5166d5b9237,76.5,112.5,2026-06-15,2026-12-20,10.0
643c3ffc-f74a-444b-b836-da588781da27,76.5,112.5,2026-02-15,2026-07-15,10.0
0bd12654-ed64-424e-a044-7bc574bcf078,110.5,162.5,2026-06-15,2026-12-20,1.0
3872c9c0-6b6e-49e1-9743-f46bfe591b86,76.5,112.5,2026-02-15,2026-07-15,10.0
4e2d3678-bbb3-428e-a1df-0ba956ef3c77,76.5,112.5,2026-02-15,2026-07-15,10.0
9a90f31c-7073-4cdd-a6d1-6a6a1cbb4e8f,59.5,87.5,2026-02-15,2026-07-15,1.0
8755d625-7efa-4e92-aed9-cb2386083a44,187.0,275.0,2026-02-15,2026-07-15,10.0
630b0ecb-8651-476e-803d-b65f99f342a3,76.5,112.5,2026-02-15,2026-07-15,10.0
955899e4-7ccb-4b6a-a85c-a9b73efe6876,76.5,112.5,2026-02-15,2026-07-15,10.0
fa445d6d-7fb4-4832-ba37-08ff468a1430,59.5,87.5,2026-02-15,2026-07-15,10.0
87177e3c-1535-45af-a1e7-e65357f2c0d3,59.5,87.5,2026-02-15,2026-07-15,4.0
32ad5264-2d93-468d-84a0-f816c4833366,76.5,112.5,2026-02-15,2026-07-15,10.0
fe145875-322b-408f-8ce9-f4d04baf00a7,110.5,162.5,2026-02-15,2026-07-15,10.0
807e0033-d4ff-4257-bcbc-60da406b8e4d,59.5,87.5,2026-02-15,2026-07-15,10.0
5cf8ffe5-b559-43a9-a030-fcf73b09400b,110.5,162.5,2026-06-15,2026-12-20,10.0
77b02e0f-770c-4fa7-b0a5-7cde588b203d,110.5,162.5,2026-02-15,2026-07-15,10.0
b27904ec-af5d-44aa-aa43-0b1a133d65af,110.5,162.5,2026-02-15,2026-07-15,10.0
6a0bce48-86be-4f4c-9106-9308a936d565,110.5,162.5,2026-09-15,2026-02-15,6.0
c7d691ad-b361-404d-a6e4-ab4f7a4120c8,76.5,112.5,2026-02-15,2026-07-15,4.0
6d6a0097-d1d4-40f0-b2ae-28d0c9ab9dfc,110.5,162.5,2026-02-15,2026-07-15,10.0
5f6b28e0-a6a1-4665-81ca-ebb074134424,110.5,162.5,2026-02-15,2026-07-15,10.0
139d05b0-435f-42e5-850f-3aa57ac0fefb,76.5,112.5,2026-02-15,2026-07-15,10.0
155b4225-a616-4f5e-ad82-a692458165d1,187.0,275.0,2026-09-15,2026-02-15,10.0
5ace1d13-c389-478b-927a-71d8f98a903d,59.5,87.5,2026-02-15,2026-07-15,10.0
771fda85-870b-4dcb-ad42-763aa6a6fbb0,76.5,112.5,2026-02-15,2026-07-15,10.0
2756e007-9330-4d8c-8e7c-1cb2bfd5a1fe,110.5,162.5,2026-02-15,2026-07-15,4.0
45ad5739-256e-4580-aead-6148dc11f958,76.5,112.5,2026-09-15,2026-02-15,10.0
8418d235-a78e-43fc-bdae-3f7c45ac67ca,76.5,112.5,2026-02-15,2026-07-15,10.0
46a4a4b9-6bf0-4461-9c58-f1961e60a1e9,76.5,112.5,2026-02-15,2026-07-15,5.0
33bfc52d-e48e-4738-be09-ddfa3cfb6603,76.5,112.5,2026-02-15,2026-07-15,10.0
a5d58454-66d9-466a-870f-a490ad04b2fd,76.5,112.5,2026-02-15,2026-07-15,10.0
6eeed41e-07f1-4e44-85d3-a04a06bb3500,110.5,162.5,2026-09-15,2026-02-15,10.0
976ddd49-62ec-4b58-8ef1-d079b2f6bcdf,76.5,112.5,2026-02-15,2026-07-15,10.0
5c528d71-fa3e-40c1-b8ac-0cc2724db702,59.5,87.5,2026-02-15,2026-07-15,10.0
09323a57-0f0c-4190-9ce5-e689efe6137d,76.5,112.5,2026-02-15,2026-07-15,10.0
aa77dd0f-f294-4af2-9499-547652ef8472,76.5,112.5,2026-02-15,2026-07-15,10.0
4050b3a8-bc31-4a00-a0bc-74ec708a8022,76.5,112.5,2026-02-15,2026-07-15,5.0
51573d8c-89d4-469e-b1a6-5be6a389b9d9,110.5,162.5,2026-02-15,2026-07-15,10.0
3aece1d2-640d-478c-97cb-7b2af24c0d4b,76.5,112.5,2026-02-15,2026-07-15,10.0
1a386d6a-e1e0-4c8d-b452-ba6851cd56f6,76.5,112.5,2026-02-15,2026-07-15,10.0
3b685f46-cdb6-497b-865e-2cd7657a6830,59.5,87.5,2026-09-15,2026-02-15,3.0
4fc0ec2d-41b6-44d1-9c67-16f9caf9a3f1,76.5,112.5,2026-02-15,2026-07-15,10.0
6e46b45f-19d2-43ff-9a08-f5c4b59e1f22,59.5,87.5,2026-02-15,2026-07-15,10.0
7f92c683-b2a3-4058-a2dc-758c1d230a26,76.5,112.5,2026-02-15,2026-07-15,6.0
4ebafc38-97b9-485a-842f-df2e3fc08ab4,76.5,112.5,2026-09-15,2026-02-15,10.0
510ac85b-7867-4b58-bc21-130b533ae441,110.5,162.5,2026-09-15,2026-02-15,10.0
f8cceb46-257d-4b51-b34a-4cba69ace227,110.5,162.5,2026-09-15,2026-02-15,10.0
5eb2414d-ccc4-4665-b86a-f463c43a9c1b,76.5,112.5,2026-02-15,2026-07-15,10.0
2ad8ee24-69aa-4e79-8b48-b459779c5987,110.5,162.5,2026-09-15,2026-02-15,10.0
128e077c-0b2e-43dc-a395-59dcb2fdabe7,59.5,87.5,2026-09-15,2026-02-15,10.0
3abbee3b-52a2-45cc-b745-9720f49fd72a,76.5,112.5,2026-02-15,2026-07-15,10.0
f52d85c4-fee6-4b7b-a181-fa7b0c8adaa0,110.5,162.5,2026-06-15,2026-12-20,1.0
4387a20c-e5eb-437f-9afc-23c940594043,76.5,112.5,2026-02-15,2026-07-15,7.0
c1df028c-84c0-404a-a0c0-4f65e1b25357,76.5,112.5,2026-02-15,2026-07-15,1.0
b4a73043-c9d4-40b3-83df-1ead4d144b4c,59.5,87.5,2026-02-15,2026-07-15,10.0
6c7cf28b-e9b3-4620-985e-e51fb626aa64,76.5,112.5,2026-02-15,2026-07-15,10.0
2a2808ca-2382-4d3e-b28b-af9837c5a3f7,76.5,112.5,2026-02-15,2026-07-15,10.0
a49ee9f6-6273-4716-9985-1ebffd5c328c,110.5,162.5,2026-09-15,2026-02-15,5.0
1d7edb41-df70-4877-ac88-c1baaa72b923,59.5,87.5,2026-02-15,2026-07-15,10.0
35de48dc-19c9-4e54-b788-da248d0e45d4,76.5,112.5,2026-02-15,2026-07-15,10.0
66355823-318b-4699-8244-a884d90e3e52,76.5,112.5,2026-02-15,2026-07-15,1.0
180cca4b-7d0f-41a2-99a1-27c58d512572,59.5,87.5,2026-09-15,2026-02-15,2.0
36d2ef8d-984f-44db-8343-7b70c26e8bf1,110.5,162.5,2026-06-15,2026-12-20,6.0
12bac5cc-d5e5-4418-aec5-2805cfe04257,76.5,112.5,2026-02-15,2026-07-15,10.0
cb72a09a-88af-4d3b-a950-b353a445b54c,76.5,112.5,2026-02-15,2026-07-15,7.0
5a296eaa-b786-420f-8a2d-08db36260144,110.5,162.5,2026-02-15,2026-07-15,10.0
ec2e76e8-1944-4282-962d-276573d0ceef,76.5,112.5,2026-02-15,2026-07-15,10.0
58563b14-ffba-4104-88ce-0ba065f5d6ed,59.5,87.5,2026-02-15,2026-07-15,10.0
84684cae-4fbc-4ea4-9172-5f9d802ba843,76.5,112.5,2026-09-15,2026-02-15,10.0
074c4c99-13f9-44ea-9ad3-bf573506a04c,76.5,112.5,2026-02-15,2026-07-15,10.0
63290557-b50c-409a-91ef-479598d31de3,76.5,112.5,2026-02-15,2026-07-15,10.0
497a30a0-cdd6-4336-99f3-481f08fcce76,76.5,112.5,2026-02-15,2026-07-15,10.0
604b2249-da94-48ac-aba9-5297e6c7f5c7,76.5,112.5,2026-02-15,2026-07-15,10.0
e49419c6-0022-4c14-b3be-8bde13a47ab2,59.5,87.5,2026-06-15,2026-12-20,10.0
b893d102-fb92-4032-9117-5826ef4cf1aa,59.5,87.5,2026-02-15,2026-07-15,10.0
0949dd9a-c23e-45c7-b1cf-bdd110a760c8,59.5,87.5,2026-02-15,2026-07-15,10.0
f69c75d8-329c-4769-bda1-ea15a27dcc33,76.5,112.5,2026-02-15,2026-07-15,10.0
7e649d6c-6926-4335-beca-e543737cd861,76.5,112.5,2026-02-15,2026-07-15,8.0
0fcdac6c-fddc-43a4-93c5-dd03a6cd75dc,59.5,87.5,2026-02-15,2026-07-15,10.0
d45e5eea-27c6-4eda-b78a-50c21079b270,76.5,112.5,2026-02-15,2026-07-15,10.0
b636143f-615e-4232-a3a6-f11bc6ee93df,76.5,112.5,2026-02-15,2026-07-15,10.0
08a0957f-5a4f-40f9-aa68-c26f20c88f70,59.5,87.5,2026-02-15,2026-07-15,10.0
41fa1295-aef3-4e9d-9d04-5a43f6cd1741,110.5,162.5,2026-02-15,2026-07-15,10.0
80fd9234-ad35-4e41-af83-ce4f201894d5,110.5,162.5,2026-02-15,2026-07-15,10.0
5e5eb018-1df0-459c-85d4-46a45c1dcbe9,59.5,87.5,2026-09-15,2026-02-15,10.0
f7812d83-a0ca-428a-9b98-a6ee705b3925,110.5,162.5,2026-02-15,2026-07-15,6.0
db933be3-64bc-4471-b1e5-ad29a27b56c6,59.5,87.5,2026-02-15,2026-07-15,10.0
82cd6d56-a268-4de2-9339-9471cfd32343,76.5,112.5,2026-02-15,2026-07-15,10.0
31f5b626-c19c-4b17-b740-a2316960fad1,76.5,112.5,2026-02-15,2026-07-15,10.0
81a386eb-0e43-463f-9c5b-c7c116b9daad,76.5,112.5,2026-02-15,2026-07-15,10.0
df9dfdee-2ccd-45c4-a2a8-f9fe84c1748e,76.5,112.5,2026-09-15,2026-02-15,10.0
e67d1cf4-1acd-410c-9173-6857f6c89332,76.5,112.5,2026-02-15,2026-07-15,10.0
12aa2887-b59c-4f3d-bad6-7b57dac21879,59.5,87.5,2026-02-15,2026-07-15,10.0
1f834fe2-c60c-4806-8880-081a9f7c9b72,110.5,162.5,2026-02-15,2026-07-15,2.0
14f66152-9e1f-49a6-af54-b5c594fb958f,76.5,112.5,2026-02-15,2026-07-15,10.0
c929605b-29fe-440d-9b79-c0a899e95238,76.5,112.5,2026-02-15,2026-07-15,10.0
bebdecac-357c-4178-a4d3-b29d1c286f0d,59.5,87.5,2026-02-15,2026-07-15,10.0
19ad6eea-d5b7-4468-8ed3-79e4c795bb7a,76.5,112.5,2026-02-15,2026-07-15,10.0
d61c9838-c92c-4619-aa92-5daf546b71df,76.5,112.5,2026-02-15,2026-07-15,10.0
5de00cf4-d669-44be-936b-707e01d25311,76.5,112.5,2026-09-15,2026-02-15,10.0
c17afe66-e784-4b36-96ff-da56a56ff78a,76.5,112.5,2026-02-15,2026-07-15,10.0
40167255-1cae-4156-8d8d-cde07255405e,76.5,112.5,2026-02-15,2026-07-15,2.0
2278b395-3809-4d23-b74d-2e6ebfdce2ed,76.5,112.5,2026-02-15,2026-07-15,10.0
3f80a914-4217-4ee3-87a7-657e5480fea4,76.5,112.5,2026-02-15,2026-07-15,10.0
f01a2bac-182f-4a9a-bd44-d75f65b50bd7,76.5,112.5,2026-02-15,2026-07-15,10.0
0c2f27fb-d5ed-4047-a16e-05fb872fe7b3,59.5,87.5,2026-02-15,2026-07-15,10.0
a42b301e-5afe-417e-a81f-9f847e267f88,76.5,112.5,2026-09-15,2026-02-15,9.0
1d32dfff-864b-4298-8be7-1f9714936244,187.0,275.0,2026-02-15,2026-07-15,10.0
27486037-4990-4ad3-89a3-0d7cf6d3e065,59.5,87.5,2026-02-15,2026-07-15,10.0
60ee6bbb-54f1-495d-b0ce-8f6c4a73f6ab,59.5,87.5,2026-09-15,2026-02-15,10.0
9a1ce654-b167-4225-b87a-49d78a91ca0b,110.5,162.5,2026-06-15,2026-12-20,1.0
72912524-0a45-40a7-8e75-2f149be0b5e1,76.5,112.5,2026-02-15,2026-07-15,3.0
6565952d-672a-454a-9ca8-9734f890f4f8,110.5,162.5,2026-06-15,2026-12-20,2.0
d1bd5b72-0b5f-4968-98c8-c7433fc121e3,59.5,87.5,2026-09-15,2026-02-15,10.0
c2007531-2344-4045-bc8e-c7785475829f,76.5,112.5,2026-02-15,2026-07-15,6.0
28ca3ed6-f676-4afa-aee0-6e51a6d14664,76.5,112.5,2026-06-15,2026-12-20,10.0
4923888e-b4bc-45ef-a085-8d4d0b63e467,110.5,162.5,2026-02-15,2026-07-15,10.0
39cf77ac-c2a3-4cb1-ae25-c7cb07c122ea,110.5,162.5,2026-02-15,2026-07-15,10.0
12e3b524-020c-47b5-a2ca-cc91986cc068,76.5,112.5,2026-02-15,2026-07-15,10.0
f12ed1eb-9cc3-4130-857d-d0b44a884a24,110.5,162.5,2026-02-15,2026-07-15,10.0
4c39d806-80b5-4c17-8d65-d669932c6b0a,110.5,162.5,2026-06-15,2026-12-20,10.0
0ac79b0b-52e2-4a82-81f8-7037b479abd8,110.5,162.5,2026-06-15,2026-12-20,10.0
cfeb4496-538e-484f-9916-e9b72c6ceb5b,76.5,112.5,2026-06-15,2026-12-20,6.0
c088e9eb-7dff-40bb-99a9-167f3f1e41c1,110.5,162.5,2026-09-15,2026-02-15,10.0
1eff31fe-7c4b-4c44-8903-21af5c9cee6f,59.5,87.5,2026-06-15,2026-12-20,2.0
c1faff29-53b8-40cb-bff9-7a61b80ca761,76.5,112.5,2026-06-15,2026-12-20,10.0
19a99c6a-6928-45e1-a301-8641c574de20,76.5,112.5,2026-02-15,2026-07-15,10.0
8a08d8b4-53f9-4662-a275-cf3d38a4bccc,76.5,112.5,2026-02-15,2026-07-15,10.0
1c6eef16-2336-40a1-831c-7f079f7f8699,76.5,112.5,2026-02-15,2026-07-15,10.0
676ac4da-c47a-4027-bc2e-8794a836fcf6,110.5,162.5,2026-06-15,2026-12-20,10.0
2e1f1b6c-cf05-4393-b747-151592f27e7a,170.0,250.0,2026-02-15,2026-07-15,10.0
87be4d07-b23b-4477-a76e-a6649b328789,76.5,112.5,2026-02-15,2026-07-15,10.0
ae4f0783-8381-40aa-a59f-21ac90f3ac43,76.5,112.5,2026-02-15,2026-07-15,10.0
63063324-d84d-44b2-9329-8f80e881d2db,59.5,87.5,2026-09-15,2026-02-15,10.0
7517208d-21a3-426b-9489-798ff1e26967,110.5,162.5,2026-09-15,2026-02-15,7.0
51be0fb4-70bd-42c9-90d2-1f3d18ac005c,76.5,112.5,2026-06-15,2026-12-20,10.0
2dddf603-1db5-4f2f-a38b-0ca221a2c029,110.5,162.5,2026-02-15,2026-07-15,10.0
4275d73f-3ab5-4d42-a0ec-d960af797dbd,110.5,162.5,2026-06-15,2026-12-20,10.0
c6d2af39-1f3d-414e-a3fd-bfb3046ed797,110.5,162.5,2026-06-15,2026-12-20,5.0
721438aa-e640-4fea-a704-7c336b9e6994,76.5,112.5,2026-02-15,2026-07-15,2.0
969d48bd-820e-41da-baef-370028e33139,110.5,162.5,2026-02-15,2026-07-15,10.0
46c37e19-a316-4859-af1f-ceeb0405c996,110.5,162.5,2026-02-15,2026-07-15,1.0
44aaa492-d7a7-43bb-a9bf-4f0ecc209def,110.5,162.5,2026-02-15,2026-07-15,10.0
a1214554-4336-4df9-a684-9cf732fa5e4d,110.5,162.5,2026-06-15,2026-12-20,10.0
698a9015-6471-435f-ba0b-7abe02719fc7,110.5,162.5,2026-02-15,2026-07-15,6.0
84861e0c-6b58-4b8f-a16e-ca371a9c01cd,102.0,150.0,2026-02-15,2026-07-15,10.0
99ef42e6-1bce-46a5-a6cd-0dc8d924b901,76.5,112.5,2026-02-15,2026-07-15,10.0
6ce77f2d-9856-497c-a6d8-7d7c2363e489,76.5,112.5,2026-02-15,2026-07-15,10.0
c7cd6c83-42a4-48b2-ad40-7b0c61dcf992,76.5,112.5,2026-02-15,2026-07-15,10.0
e8ca28df-95b8-4dd9-9190-28b80725ea25,76.5,112.5,2026-02-15,2026-07-15,10.0
30c3bd69-5bec-4c0b-b009-bd322b13d554,76.5,112.5,2026-02-15,2026-07-15,10.0
056161c2-b2c6-40f9-8546-bef688dd90e7,76.5,112.5,2026-06-15,2026-12-20,10.0
48a8a9bd-7834-4db5-931e-151691e32ada,76.5,112.5,2026-02-15,2026-07-15,5.0
2f3a6926-553f-4d7a-acf8-5b17af6f2e93,76.5,112.5,2026-09-15,2026-02-15,10.0
702003ed-543f-4431-acea-79b044373c31,76.5,112.5,2026-02-15,2026-07-15,10.0
273ff2d2-80b8-4886-81e4-1908a11e6f5a,187.0,275.0,2026-02-15,2026-07-15,10.0
31c38956-bfd7-49a1-82f6-656ae066db1f,76.5,112.5,2026-02-15,2026-07-15,10.0
5c470d58-5ad9-4aaa-903b-fa9a2bed3c68,187.0,275.0,2026-02-15,2026-07-15,10.0
ecfe7100-f347-4fc1-bae0-f7d38c9a82ac,59.5,87.5,2026-02-15,2026-07-15,10.0
20f80ed8-ce7f-43ad-a34d-a0cb156f5d4e,76.5,112.5,2026-06-15,2026-12-20,7.0
b4e893fc-27d3-47c4-be88-098db36c1cb7,110.5,162.5,2026-02-15,2026-07-15,10.0
978b5150-6f7a-49df-948b-6100df026098,76.5,112.5,2026-02-15,2026-07-15,10.0
3618d1dc-af2a-4646-94d2-5bc387158dbe,76.5,112.5,2026-06-15,2026-12-20,10.0
5901959f-3547-4310-a352-26b7bdc5c648,76.5,112.5,2026-02-15,2026-07-15,2.0
b411a358-6873-46d3-b693-174931a4a948,110.5,162.5,2026-02-15,2026-07-15,10.0
37247be1-606e-4142-a129-bf5d3efbd197,187.0,275.0,2026-02-15,2026-07-15,10.0
27867d01-7251-434e-a743-c50193f8dc86,59.5,87.5,2026-06-15,2026-12-20,10.0
1fd503e7-d209-40c1-abd0-299af9c7d4de,59.5,87.5,2026-02-15,2026-07-15,10.0
677fa6ef-b91a-4438-a73d-d497fc7cf2d8,76.5,112.5,2026-06-15,2026-12-20,10.0
8fbef9b4-80b6-4ef5-9196-d92d4fb81e25,59.5,87.5,2026-02-15,2026-07-15,10.0
dbac5f44-f433-4f28-b05c-e9b193b346c0,76.5,112.5,2026-02-15,2026-07-15,10.0
968021b5-7a8a-4e1e-bd31-574dd60a9975,110.5,162.5,2026-02-15,2026-07-15,10.0
5e646c11-3635-4227-94f1-9c1872ce3ee8,76.5,112.5,2026-02-15,2026-07-15,10.0
25b9fbd9-78cb-4b0c-a050-2488c9431275,110.5,162.5,2026-06-15,2026-12-20,10.0
c0ddb6a7-e9b0-480f-8e05-54b316638198,76.5,112.5,2026-02-15,2026-07-15,5.0
426c4735-6fab-4da6-9c81-6307beb32236,110.5,162.5,2026-09-15,2026-02-15,10.0
6d6e150b-925c-49b0-bfd6-199070922341,76.5,112.5,2026-02-15,2026-07-15,3.0
33713397-dcba-460c-bca2-651bdd80fe0f,110.5,162.5,2026-02-15,2026-07-15,10.0
2af06632-f7aa-4f48-88ff-a7f90e8da41e,110.5,162.5,2026-02-15,2026-07-15,10.0
917e3c0b-4f5f-4333-b873-ccd8836da874,110.5,162.5,2026-02-15,2026-07-15,10.0
8836b237-a5c2-49ac-ab48-2b705d4c56f6,76.5,112.5,2026-06-15,2026-12-20,10.0
6cad25d4-a467-4942-9b04-0ace1de123e4,110.5,162.5,2026-09-15,2026-02-15,2.0
7034c2a1-23a7-4da3-97e6-f6b9a7a886dd,110.5,162.5,2026-02-15,2026-07-15,1.0
9ebf736e-30eb-4a14-83f6-a171b29422dd,110.5,162.5,2026-09-15,2026-02-15,10.0
40236b15-2f9a-482a-8454-72ebd9dfed1b,110.5,162.5,2026-09-15,2026-02-15,8.0
91ace5e5-3303-4877-bc9d-7e024b7709f7,76.5,112.5,2026-06-15,2026-12-20,1.0
dbf5cdef-ff5d-4a67-8dba-8c220669ea4f,76.5,112.5,2026-02-15,2026-07-15,10.0
b78d096a-87d0-4010-baac-e4879cab6aa9,76.5,112.5,2026-02-15,2026-07-15,10.0
456e0998-8b34-4b5a-8898-fdd801f472a4,59.5,87.5,2026-02-15,2026-07-15,10.0
7cca7133-fa5c-4ef8-bf83-f9a9221130cb,110.5,162.5,2026-09-15,2026-02-15,6.0
68ec474b-b008-493b-933c-13e51af9ec83,76.5,112.5,2026-02-15,2026-07-15,10.0
8a01ffff-5a20-4ddb-af63-f82c9fa0e277,76.5,112.5,2026-02-15,2026-07-15,10.0
ab9a9d64-58c2-4cb0-a9ad-81ed9b17cd69,187.0,275.0,2026-02-15,2026-07-15,10.0
b5e5c850-d1b7-4e4e-a033-6d3ca99ec5f2,76.5,112.5,2026-02-15,2026-07-15,
a62cc361-2d5d-4e24-b6f1-92cb764c348b,76.5,112.5,2026-02-15,2026-07-15,
3c3ca961-011a-4144-8dff-741dd64d363e,102.0,150.0,2026-02-15,2026-07-15,
ae02cf5f-1483-4054-9122-186c5eb08664,59.5,87.5,2026-02-15,2026-07-15,
18db3d45-0c86-4da9-b5b4-9fbbba0bf443,76.5,112.5,2026-02-15,2026-07-15,
43bf31e6-e12e-4752-abdf-87472616ead1,76.5,112.5,2026-02-15,2026-07-15,
5c81761c-2753-4c1c-b724-f0a7f923540d,187.0,275.0,2026-02-15,2026-07-15,
fd6dcc88-7ef3-4990-a6e2-ae24b08badab,76.5,112.5,2026-02-15,2026-07-15,
37d8bd6e-fad0-4304-93bd-26975ac8944f,76.5,112.5,2026-02-15,2026-07-15,
60ac5495-4952-41a0-a2e8-d321d2f23a4d,76.5,112.5,2026-02-15,2026-07-15,
7b34f40a-0ea8-48d7-b930-c7de11613b93,76.5,112.5,2026-02-15,2026-07-15,
d2351990-8009-44cd-9fdb-e79f1fd913f4,76.5,112.5,2026-02-15,2026-07-15,
5aab6f8f-70db-41a8-a1fb-e8d9026e533b,76.5,112.5,2026-02-15,2026-07-15,
6c222aca-bad0-4114-a0f8-d271510a86a0,76.5,112.5,2026-02-15,2026-07-15,
a0ed4dcc-c815-4220-9b1b-c248ca8d7fbb,76.5,112.5,2026-02-15,2026-07-15,
86f34228-6edb-4171-ba62-79fffa9e06f6,76.5,112.5,2026-02-15,2026-07-15,
f8f7bb79-2b58-449d-80db-aec499bb2f24,76.5,112.5,2026-02-15,2026-07-15,
d638194d-3ad6-42fc-a665-1f858787a374,59.5,87.5,2026-02-15,2026-07-15,
34daf415-739f-45d7-a127-f47f0dcf63f9,76.5,112.5,2026-02-15,2026-07-15,
f5d28e62-c1af-48f7-b421-abfc658ec04a,59.5,87.5,2026-02-15,2026-07-15,
54ee0cc1-402d-42fc-a453-e5a7d5089247,102.0,150.0,2026-02-15,2026-07-15,
bee0bdaf-43b3-4d6e-80a3-eebf8cccb1cc,76.5,112.5,2026-02-15,2026-07-15,
163cf783-592c-448f-b33c-f28ac7cce617,76.5,112.5,2026-02-15,2026-07-15,
2369b939-7343-43a5-939d-8883c2380da4,76.5,112.5,2026-02-15,2026-07-15,
16b76b63-d83f-4e9c-86e1-b39fd024f8a9,59.5,87.5,2026-02-15,2026-07-15,
50dc5be0-a23e-4da3-aecc-f5f095c26bdb,76.5,112.5,2026-02-15,2026-07-15,
60a84e59-6313-4576-a15a-b72c3e0dba67,76.5,112.5,2026-02-15,2026-07-15,
87d97654-895c-4b23-91a9-4683b9f17ca3,76.5,112.5,2026-02-15,2026-07-15,
0bd0743b-8e3c-49d4-8024-bd412f9732fa,110.5,162.5,2026-02-15,2026-07-15,
54425ba9-ac85-490b-8064-4260eb382f2c,76.5,112.5,2026-02-15,2026-07-15,
cfa715d4-a4bc-4098-a4a0-4f1908b7d31e,76.5,112.5,2026-02-15,2026-07-15,
21b7a81d-f0a3-4260-be02-f6c82cc74254,76.5,112.5,2026-02-15,2026-07-15,
472a370a-f213-4bdd-bef7-e00aa2eb2ca4,59.5,87.5,2026-02-15,2026-07-15,
cd74974b-0218-4e6a-b947-13d8ee80dbb7,76.5,112.5,2026-02-15,2026-07-15,
3c6506e6-c494-4622-aba3-2ba895530c7a,187.0,275.0,2026-02-15,2026-07-15,
61a3b6e3-f03f-42e4-b10d-80a3d1aec106,76.5,112.5,2026-02-15,2026-07-15,
4c55af25-bd6c-4677-badd-6b53ec2f758d,76.5,112.5,2026-02-15,2026-07-15,
222fef61-1cb1-492a-af39-3244dd5eaf73,76.5,112.5,2026-02-15,2026-07-15,
45c083b3-fc34-4d42-b74a-cd9dffe4156a,187.0,275.0,2026-02-15,2026-07-15,
5e2fff6d-15ae-4deb-80a8-6f18d730d9f8,59.5,87.5,2026-02-15,2026-07-15,
df941b8b-5907-43b3-bd73-505845313873,76.5,112.5,2026-02-15,2026-07-15,
5324f69c-3393-469d-b375-8f6e92fa085a,76.5,112.5,2026-02-15,2026-07-15,
f139e95f-1d18-40b9-a7f0-f8d908c05e53,76.5,112.5,2026-02-15,2026-07-15,
e404bce8-ac29-4a27-bc11-a6e677c79ae9,59.5,87.5,2026-02-15,2026-07-15,
f7d86453-1908-48d0-9b86-63c6a6b7c2ae,76.5,112.5,2026-02-15,2026-07-15,
abb3afcd-3460-43f0-a209-0fdef66264c4,76.5,112.5,2026-02-15,2026-07-15,
735e5584-4804-4d92-8fa6-98b14964188c,76.5,112.5,2026-02-15,2026-07-15,
89a63e37-123a-4dfd-88d2-b7cb58c7b4e4,76.5,112.5,2026-02-15,2026-07-15,
7953a021-a4c4-4fbf-b5a8-92467f8280ed,76.5,112.5,2026-02-15,2026-07-15,
29e3c666-7847-4ce2-a1ab-c4036a94b9db,187.0,275.0,2026-02-15,2026-07-15,
613265cd-5dfd-43b3-9488-b02ba5f760bb,110.5,162.5,2026-02-15,2026-07-15,
e90eff18-779e-4ad9-8f75-944a034c0600,187.0,275.0,2026-02-15,2026-07-15,
af0c0c0e-6e3a-4157-8219-cdbd7fb23a81,76.5,112.5,2026-02-15,2026-07-15,
43e082aa-865c-4847-a8f3-7ee4e77c05de,76.5,112.5,2026-02-15,2026-07-15,
28e1fcbb-ce3c-418e-bb2d-421e3be81b2f,76.5,112.5,2026-02-15,2026-07-15,
eb8d23c9-8122-4bb2-8325-e37036397a1c,76.5,112.5,2026-02-15,2026-07-15,
91cac04b-ad02-4e41-bc20-ad0bbe5e65a0,170.0,250.0,2026-02-15,2026-07-15,
04624f1d-9d64-4b83-a228-9914ef03c43e,76.5,112.5,2026-02-15,2026-07-15,
ca07286f-3b0c-4fd3-acae-444e7514def0,76.5,112.5,2026-02-15,2026-07-15,
623961cc-5553-4afa-842e-4af31b2a305c,187.0,275.0,2026-02-15,2026-07-15,
0e639efe-ac01-44b3-8716-2da67148d47c,76.5,112.5,2026-02-15,2026-07-15,
5407caa2-9db7-4bcb-af71-00b5f8146bf0,110.5,162.5,2026-02-15,2026-07-15,
20d1bd3e-dd04-4d5a-a734-32dea79ec466,59.5,87.5,2026-02-15,2026-07-15,
9c6dae1f-2059-4196-804f-fcd440fb19d0,59.5,87.5,2026-02-15,2026-07-15,
fb56c304-dd9e-433a-8a3b-fda3cdf73cf4,76.5,112.5,2026-02-15,2026-07-15,
1e1b5cd7-966e-419c-a2d4-c9fe088a9289,76.5,112.5,2026-02-15,2026-07-15,
c7b3c669-a693-485a-96ec-6b1147b80d11,76.5,112.5,2026-02-15,2026-07-15,
b6b694b6-df6b-4aa8-be96-478108285fba,76.5,112.5,2026-02-15,2026-07-15,
d827d6ed-6c6f-4ab0-b964-26a4defeedef,110.5,162.5,2026-02-15,2026-07-15,
a8bec1b5-1b2e-4f8a-9f4e-ed1ec350c1f3,76.5,112.5,2026-02-15,2026-07-15,
24446934-6d3a-4d1d-89e6-82c8337fd26c,59.5,87.5,2026-02-15,2026-07-15,
88216c54-79d7-4a01-92ed-307521f5e34a,76.5,112.5,2026-02-15,2026-07-15,
bfb367bf-51e6-4098-89b3-4868a8b7c834,76.5,112.5,2026-02-15,2026-07-15,
7ca9e565-db06-4228-ac03-c57d8d757227,76.5,112.5,2026-02-15,2026-07-15,
ecaa1ebe-5e59-464c-8fae-42abbddcc734,76.5,112.5,2026-02-15,2026-07-15,
333aa3ee-33b8-4db0-b7a4-6fe335b33f37,76.5,112.5,2026-02-15,2026-07-15,
7e2ebc2d-7b8b-4071-b2f7-11476b6d44b7,187.0,275.0,2026-02-15,2026-07-15,
22724026-a52a-4591-ac15-5e3c1aad0bc6,110.5,162.5,2026-02-15,2026-07-15,
6b93d8e6-ab6a-4a5e-91f8-f42198c06d01,187.0,275.0,2026-02-15,2026-07-15,
8e9cdd1b-520b-4d7c-84d6-ce390886a60d,76.5,112.5,2026-02-15,2026-07-15,
79a47311-1ffb-44d1-bd87-a1a9fb190f40,187.0,275.0,2026-02-15,2026-07-15,
25a78dc9-fc62-41fb-95db-b2557dacf493,76.5,112.5,2026-02-15,2026-07-15,
f3126fe6-bf7d-442c-951e-4c59aa34c417,187.0,275.0,2026-02-15,2026-07-15,
61367a40-b3c0-49c2-8f41-7d0b15056f03,59.5,87.5,2026-02-15,2026-07-15,
2ebb8f10-653a-47d5-a403-f7a441bbc0a4,76.5,112.5,2026-02-15,2026-07-15,
265ee9f4-2324-46bc-95e2-11a7b655e833,76.5,112.5,2026-02-15,2026-07-15,
6ceb9976-69b0-49a0-b91d-ac48234e2902,76.5,112.5,2026-02-15,2026-07-15,
3eb00e2f-97e0-445b-a337-2c2852056104,110.5,162.5,2026-02-15,2026-07-15,
5a944377-dccf-4cc1-9234-de053e9cc1d2,76.5,112.5,2026-02-15,2026-07-15,
252e5f0f-bc45-4a80-9c12-c0262cf2b733,76.5,112.5,2026-02-15,2026-07-15,
ba72b976-10f9-4415-a818-32cf17d8e649,102.0,150.0,2026-02-15,2026-07-15,
933a8b39-e129-41f3-b6ab-3f58d695536b,110.5,162.5,2026-02-15,2026-07-15,
4c62d957-8e4e-4558-beea-2bf8178c5463,76.5,112.5,2026-02-15,2026-07-15,
38c4cd22-ea4a-4ae1-961b-939933868829,76.5,112.5,2026-02-15,2026-07-15,
4cfcb5ec-303d-49ec-978a-da752ddd094f,76.5,112.5,2026-02-15,2026-07-15,
05b02046-7947-45a4-a9f6-39f043575a81,76.5,112.5,2026-02-15,2026-07-15,
766463db-8af1-4a9f-95f4-f2bb8a50db45,76.5,112.5,2026-02-15,2026-07-15,
e10d6c97-8c49-40ca-a97e-231b750532aa,110.5,162.5,2026-02-15,2026-07-15,
765ff37e-f3fa-48d4-9631-679279fd3045,76.5,112.5,2026-02-15,2026-07-15,
558816ef-9f17-4b93-a221-8aac47d03f00,76.5,112.5,2026-02-15,2026-07-15,
f995d5c0-49d2-495e-890e-c6aa0eda12d6,76.5,112.5,2026-02-15,2026-07-15,
6ee0fe94-2e9b-46ef-8bfc-5e218132332b,59.5,87.5,2026-02-15,2026-07-15,
a010e07c-cf4b-4cf9-8b08-40df2094addd,110.5,162.5,2026-02-15,2026-07-15,
32c4ac7c-550f-417c-afcc-a1dc2b183e8f,76.5,112.5,2026-02-15,2026-07-15,
0db57fc8-4359-415e-b18c-9b9da6d98e3d,76.5,112.5,2026-02-15,2026-07-15,
49075331-5017-45a7-8645-0c668b2fe1bb,187.0,275.0,2026-02-15,2026-07-15,
59e6664b-2503-4e62-87a4-9fbf47c24a9b,76.5,112.5,2026-02-15,2026-07-15,
8394f9fd-03fe-4dca-9e73-4598909d2450,59.5,87.5,2026-02-15,2026-07-15,
c62183f8-3057-4af8-9d51-1cba9559f61b,76.5,112.5,2026-02-15,2026-07-15,
5e7318b5-3cc9-462e-b9df-7c6f7bec1885,187.0,275.0,2026-02-15,2026-07-15,
dbd636c4-9ea8-484d-8c03-ddd4afbef234,76.5,112.5,2026-02-15,2026-07-15,
39e15d15-ec4c-4ba9-9cd5-6775945aad8f,76.5,112.5,2026-02-15,2026-07-15,
7896af24-7851-4897-875f-8cc5a6b0db3d,76.5,112.5,2026-02-15,2026-07-15,
8c999bb4-7456-4226-9124-515a84f3cc7d,76.5,112.5,2026-02-15,2026-07-15,
749fb1fb-78a2-43cc-a9e6-0594d8be5519,76.5,112.5,2026-02-15,2026-07-15,
bf232406-1a85-47a5-9287-6ba81272a3f0,110.5,162.5,2026-02-15,2026-07-15,
25da92b8-f1f0-4a49-b8ee-45fbc0f1f17a,76.5,112.5,2026-02-15,2026-07-15,
d0065fb6-78a4-4982-a4d9-bcb30d2fd66b,76.5,112.5,2026-02-15,2026-07-15,
a0200fc5-19ef-4717-9121-04e93ef60ae9,76.5,112.5,2026-02-15,2026-07-15,
08f1b340-be30-43d0-a0dd-199157dffb00,76.5,112.5,2026-02-15,2026-07-15,
ba3d2dcb-3018-423f-8ede-9d98932aaf84,110.5,162.5,2026-02-15,2026-07-15,
7aed9c1b-6faa-4177-aea9-2c32c6ca34f9,76.5,112.5,2026-02-15,2026-07-15,
ae00c442-bbff-44db-9385-f8af3eda88b4,76.5,112.5,2026-02-15,2026-07-15,
c6f2dcd7-e2f4-4b91-b737-717593827384,76.5,112.5,2026-02-15,2026-07-15,
9df51067-3c5a-43b1-adad-bcd6778f096c,76.5,112.5,2026-02-15,2026-07-15,
f887e88d-fece-4030-904c-244950c2fbcc,76.5,112.5,2026-02-15,2026-07-15,
9a4f8eec-e269-42bb-96bd-4c0e0a82df57,76.5,112.5,2026-02-15,2026-07-15,
03c5ff46-5be3-423a-a2e1-f0ede04ca279,76.5,112.5,2026-02-15,2026-07-15,
7b82951d-8bf9-40b7-8a4f-f7c6c33a7839,76.5,112.5,2026-02-15,2026-07-15,
4265c1eb-e4f6-4b71-8442-56ad4483a5e4,76.5,112.5,2026-02-15,2026-07-15,
283c7ec9-07c6-4f35-a986-495aea46ee15,76.5,112.5,2026-02-15,2026-07-15,
8221d5a5-e813-4993-9bf6-c2bac26d0cb8,110.5,162.5,2026-02-15,2026-07-15,
fd625374-2800-49ca-9f65-ea3eabca88ab,76.5,112.5,2026-02-15,2026-07-15,
6d8f232e-d34d-4dac-95c4-e01d7983124c,187.0,275.0,2026-02-15,2026-07-15,
2302c9dd-263d-434c-8adf-cab28e3ba21d,110.5,162.5,2026-02-15,2026-07-15,
26bd92cc-1bd7-46bc-a132-9c227115194a,59.5,87.5,2026-02-15,2026-07-15,
44fb18eb-2641-46ab-b3fa-df6870ba3c74,76.5,112.5,2026-02-15,2026-07-15,
3aece1d2-640d-478c-97cb-7b2af24c0d4b,76.5,112.5,2026-02-15,2026-07-15,
1a386d6a-e1e0-4c8d-b452-ba6851cd56f6,76.5,112.5,2026-02-15,2026-07-15,
b83e6115-b517-4e85-b1d9-fecf35d3993c,76.5,112.5,2026-02-15,2026-07-15,
51ab40b5-1e27-463a-a1fd-cf9f33a9263a,76.5,112.5,2026-02-15,2026-07-15,
bbbaa3f2-5a06-4e14-9626-0ec02a43b129,76.5,112.5,2026-02-15,2026-07-15,
dca139e8-a2d8-4edc-a494-bb831291452e,59.5,87.5,2026-02-15,2026-07-15,
9f3ce859-f274-4359-a24d-e16bc30c2b1c,76.5,112.5,2026-02-15,2026-07-15,
a881b470-86d0-4ce0-913b-1d453f68466e,76.5,112.5,2026-02-15,2026-07-15,
d5bca023-e7ef-45a6-bbf3-f27313ce544d,76.5,112.5,2026-02-15,2026-07-15,
9f3e50a0-752d-42f5-b129-72d7880beab7,102.0,150.0,2026-02-15,2026-07-15,
3cbd302a-6109-43c9-a113-112542bef4ae,76.5,112.5,2026-02-15,2026-07-15,
a5064014-fa4f-4864-b491-a65fa2d68229,76.5,112.5,2026-02-15,2026-07-15,
a81ab0eb-12ab-4dd4-97c6-cc74e1c0cbaa,187.0,275.0,2026-02-15,2026-07-15,
a7573be8-bfc0-479c-9baa-7d824d1f9315,76.5,112.5,2026-02-15,2026-07-15,
d218703a-93de-47e5-b591-a6a45b3187cd,76.5,112.5,2026-02-15,2026-07-15,
e570ec15-1d11-49e6-8a55-1243633a8668,76.5,112.5,2026-02-15,2026-07-15,
b150cb57-9168-4a88-ad5a-1ceb37ebfa72,110.5,162.5,2026-02-15,2026-07-15,
fa34b503-34f8-42a2-b918-a96c507e1378,110.5,162.5,2026-02-15,2026-07-15,
0517a59d-8d92-4687-9aaa-323ba211f28e,76.5,112.5,2026-02-15,2026-07-15,
c0cc2c39-9e57-4edd-8696-2119a96ca6cb,76.5,112.5,2026-02-15,2026-07-15,
671ba175-2610-4435-a449-61f29c414d68,59.5,87.5,2026-02-15,2026-07-15,
20fa6443-16d9-43a4-8cda-d6c9cc93f5e0,76.5,112.5,2026-02-15,2026-07-15,
1c516349-193b-4421-9959-ad6cefe95efd,76.5,112.5,2026-02-15,2026-07-15,
c4d01836-2731-498c-afa0-164e08df33be,76.5,112.5,2026-02-15,2026-07-15,
c2f88913-cb3d-480a-9468-539f31cda9f7,59.5,87.5,2026-02-15,2026-07-15,
56bbfddd-b9ea-4b44-a2bc-61b45baba7d7,76.5,112.5,2026-02-15,2026-07-15,
6dc1c044-a79c-4b5b-9a9b-dbb0f95fefae,76.5,112.5,2026-02-15,2026-07-15,
eb3c14bc-9e8d-47f1-ba13-95e308ff7e11,110.5,162.5,2026-02-15,2026-07-15,
17468e16-e2af-4354-964d-a941191771d7,76.5,112.5,2026-02-15,2026-07-15,
f64d6a04-bf5b-49e9-860f-665d6e7d6ada,59.5,87.5,2026-02-15,2026-07-15,
99b5a71f-eead-4050-a7a4-df5e16a42c0b,76.5,112.5,2026-02-15,2026-07-15,
eddbf22e-af63-4a95-a7ff-3dd8545f9e2e,59.5,87.5,2026-02-15,2026-07-15,
57239ab4-5376-4b81-a35e-fc8a27fb5812,76.5,112.5,2026-02-15,2026-07-15,
38fa5147-236e-4462-b3b1-97b35caaf154,76.5,112.5,2026-02-15,2026-07-15,
b937f178-569d-4efb-b97c-1a3dc4a4e42c,76.5,112.5,2026-02-15,2026-07-15,
0dae5759-947a-40c9-aaea-e2e647f1061e,76.5,112.5,2026-02-15,2026-07-15,
c9154e0a-44ac-4562-aa0e-3081d51e1730,76.5,112.5,2026-02-15,2026-07-15,
9226cd83-fc8a-417b-99c0-f46db4cf4d5d,76.5,112.5,2026-02-15,2026-07-15,
920da6cf-c573-4a7d-94f8-b6f93bccb344,59.5,87.5,2026-02-15,2026-07-15,
9b29ecd2-a840-4fc2-b55e-85a2a99d67b0,59.5,87.5,2026-02-15,2026-07-15,
d4345f6e-b465-4dc0-abfe-f230b87aefb7,76.5,112.5,2026-02-15,2026-07-15,
077a909f-9984-4cef-8872-07c697cab0fb,110.5,162.5,2026-02-15,2026-07-15,
4574d558-f5fa-4e6e-bead-e21b8cf0edcc,110.5,162.5,2026-02-15,2026-07-15,
198847d2-1823-4b9d-98dc-c9b9d22eb768,59.5,87.5,2026-02-15,2026-07-15,
c6da2d98-abce-490d-8f70-5eea8253bf62,76.5,112.5,2026-02-15,2026-07-15,
1a9464a8-353a-4572-aac3-297de01aa6da,76.5,112.5,2026-02-15,2026-07-15,
59d1b605-e2ed-4069-ab3b-b279346d1582,76.5,112.5,2026-02-15,2026-07-15,
7880793a-92c4-4f87-a64a-f238fe4ef46e,76.5,112.5,2026-02-15,2026-07-15,
5b04742c-8938-413a-9050-370d3bc3115b,59.5,87.5,2026-02-15,2026-07-15,
196e96f8-6055-4123-beaa-957b027ee1f9,76.5,112.5,2026-02-15,2026-07-15,
99337dc9-9aff-4695-8c40-f5737939bedd,110.5,162.5,2026-02-15,2026-07-15,
2fdfc5be-fe93-4c81-8a14-a0f17ca22b60,110.5,162.5,2026-02-15,2026-07-15,
df9fa1bf-f634-4f67-ba01-b4324b3b7768,76.5,112.5,2026-02-15,2026-07-15,
01db5747-b1a8-4398-851b-5f4be4f7e453,76.5,112.5,2026-02-15,2026-07-15,
de902972-e11c-42e8-858a-a3bf3cca5af4,59.5,87.5,2026-02-15,2026-07-15,
b2526d16-e196-4310-bfc1-11132b7609c4,110.5,162.5,2026-02-15,2026-07-15,
9a10528e-3c25-4940-87d2-8128bf30ebf6,110.5,162.5,2026-02-15,2026-07-15,
